"","GEO_ID","TL_GEO_ID","NAME_E","total_population","white_population","black_aferican_american","american_indian_alaska_native","asian_population","native_hawaiian_pacific_islander","other_population","two_or_more","two_or_more_not_other","two_or_more_other","total_households","family_household","married_couple_family","other_family","other_family_male_householder","other_family_female_householder","nonfamily_household","householder_living_alone","householder_not_alone","total_over_25","no_schooling","nursery_4th","5th_6th","7th_8th","9th_grade","10th_grade","11th_grade","12th_grade_no_diploma","highschool_diploma","GED_or_alt","less_year_college","over_year_college_no_degree","associates_degree","bachelors_degree","masters_degree","professional_school_degree","doctorate_degree","aggregate_yearly_income","total_employed","agriculture_forestry_fishing_hunting_mining","wholesale_trade","retail_trade","transportation_warehousing_utilities","information_occupation","finance_insurance_realestate_rental_leasing","professional_scientific_management_administrative_wastemanagement","educational_healthcare_socialassistance","arts_entertainment_recreation_accommodation_food","other_services_except_public_administration","public_administration","management_business_science_arts_occupations","service_occupations","sales_office_occupations","naturalresources_construction_maintenance_occupations","production_transportation_materialmoving_occupations","NAME_M"
"1","9700000US0400295","0400295","Kingman Unified School District, Arizona",76668,58976,1424,797,577,484,5207,9203,5375,3828,31164,18180,14062,4118,1708,2410,12984,10060,2924,57743,931,0,128,709,689,1205,2741,1629,14994,5530,5438,10390,6012,4385,2136,826,0,2032835700,NA,NA,NA,NA,NA,NA,NA,NA,NA,NA,NA,NA,NA,NA,NA,NA,NA,"Kingman Unified School District, Arizona"
"2","9700000US0400680","0400680","Amphitheater Unified District, Arizona",142023,96739,2920,1962,4919,424,9965,25094,16166,8928,69111,36241,25905,10336,3273,7063,32870,25927,6943,106163,1972,178,119,831,811,651,674,1639,14517,3441,8315,16279,7871,25877,15086,4055,3847,6815879900,69752,322,915,9631,3000,698,5060,7826,17291,8456,3988,4062,32471,14130,13556,4199,5396,"Amphitheater Unified District, Arizona"
"3","9700000US0401870","0401870","Chandler Unified District, Arizona",295846,179996,9930,5249,35702,146,18832,45991,28854,17137,108849,78239,62331,15908,3593,12315,30610,23111,7499,198899,3434,631,395,1409,427,525,1359,2708,23242,5203,13644,31906,18130,52518,32700,5413,5255,15715560900,153661,798,2460,16799,6167,3972,18023,19190,32759,11040,6517,6195,84123,20371,26835,11079,11253,"Chandler Unified District, Arizona"
"4","9700000US0402690","0402690","Dysart Unified District, Arizona",212378,142580,11086,2755,4395,612,21431,29519,18245,11274,76246,56424,42801,13623,4099,9524,19822,16457,3365,149632,3771,151,769,274,1148,898,1855,2101,34896,8257,13945,25795,13491,26893,10873,2963,1552,7701896600,99238,744,2360,11751,7631,1705,10048,10837,21647,7877,4583,5770,38134,14277,21186,9577,16064,"Dysart Unified District, Arizona"
"5","9700000US0402860","0402860","Flagstaff Unified District, Arizona",103202,66501,2197,16878,2917,0,4118,10591,5985,4606,40519,22618,16724,5894,1772,4122,17901,10942,6959,60106,481,118,45,479,230,293,255,458,8995,1471,4301,9698,4373,16448,6980,2085,3396,4751900700,NA,NA,NA,NA,NA,NA,NA,NA,NA,NA,NA,NA,NA,NA,NA,NA,NA,"Flagstaff Unified District, Arizona"
"6","9700000US0402920","0402920","Florence Unified School District, Arizona",119319,76598,6655,1652,3368,77,10845,20124,15338,4786,35415,27768,21680,6088,2053,4035,7647,4815,2832,78542,1653,60,1003,789,518,811,1236,3144,14759,3545,10547,16107,7442,11403,3830,498,1197,3975898700,NA,NA,NA,NA,NA,NA,NA,NA,NA,NA,NA,NA,NA,NA,NA,NA,NA,"Florence Unified School District, Arizona"
"7","9700000US0403400","0403400","Gilbert Unified District, Arizona",218317,151313,6682,5440,12255,495,9355,32777,17939,14838,78582,54918,42628,12290,3278,9012,23664,16972,6692,145917,1316,195,44,764,439,404,965,1276,22403,4135,11610,25122,13954,38775,19147,3191,2177,10413623600,118247,553,2784,11026,5979,1707,13081,13683,27917,11197,5200,5167,60836,17329,23820,7781,8481,"Gilbert Unified District, Arizona"
"8","9700000US0403780","0403780","Higley Unified District, Arizona",88034,62750,3238,323,5106,365,5060,11192,6287,4905,29467,22368,18775,3593,956,2637,7099,5356,1743,55739,223,110,54,0,0,242,103,215,7556,1879,3742,8559,6437,17552,6724,1424,919,4470174800,46691,85,773,4956,2076,1129,4659,7231,11335,3809,1843,1897,23886,7404,9754,2672,2975,"Higley Unified District, Arizona"
"9","9700000US0403870","0403870","Humboldt Unified District, Arizona",70055,54093,110,491,352,918,3458,10633,8301,2332,28922,19497,14718,4779,919,3860,9425,6826,2599,50926,962,198,463,134,537,756,603,1566,9075,1418,5407,11109,4791,8083,4387,895,542,2558181400,NA,NA,NA,NA,NA,NA,NA,NA,NA,NA,NA,NA,NA,NA,NA,NA,NA,"Humboldt Unified District, Arizona"
"10","9700000US0404630","0404630","Marana Unified District, Arizona",118520,79044,2566,1124,4441,0,5746,25599,19060,6539,46021,32839,25572,7267,2882,4385,13182,10105,3077,82609,762,0,0,492,708,553,470,1442,13550,2613,6082,16016,8201,20327,8211,1836,1346,5335804200,54834,347,700,6690,2264,1454,1607,7068,13474,5986,3504,3185,27157,8762,9972,4865,4078,"Marana Unified District, Arizona"
"11","9700000US0404720","0404720","Maricopa Unified School District, Arizona",75058,37617,12608,4443,3381,453,5503,11053,8370,2683,24403,17872,13388,4484,1846,2638,6531,5094,1437,48760,750,679,476,468,252,312,811,391,9303,2425,3912,10467,6039,9103,2994,135,243,2489993900,NA,NA,NA,NA,NA,NA,NA,NA,NA,NA,NA,NA,NA,NA,NA,NA,NA,"Maricopa Unified School District, Arizona"
"12","9700000US0404970","0404970","Mesa Unified District, Arizona",490296,305064,21782,13235,13871,2235,39304,94805,73359,21446,199422,120145,84147,35998,13357,22641,79277,61583,17694,347809,7250,821,4176,3514,4891,5823,4221,8555,69356,13192,35561,48079,33145,69518,29604,5374,4729,19374680600,235048,1114,5918,26371,11744,3537,20669,32488,47637,23147,12424,6216,93096,38955,54889,21001,27107,"Mesa Unified District, Arizona"
"13","9700000US0405930","0405930","Paradise Valley Unified District, Arizona",287698,188988,16393,3874,19825,557,20566,37495,24929,12566,121137,70987,53696,17291,5630,11661,50150,35123,15027,208466,2805,107,1273,767,1076,980,1640,3093,34529,5866,12953,25363,16616,62676,27989,7345,3388,15192073800,155885,1051,2771,17793,7172,3373,22241,25035,33923,11729,7364,4722,76981,22714,35591,6585,14014,"Paradise Valley Unified District, Arizona"
"14","9700000US0406250","0406250","Peoria Unified School District, Arizona",253435,182186,11960,3491,10606,65,13748,31379,17078,14301,97269,66688,50476,16212,4546,11666,30581,23479,7102,180867,4355,61,256,1067,2083,1124,1035,3158,34474,7053,19882,26628,20084,37787,17978,1906,1936,10835866900,122546,294,2286,15684,7186,1901,14861,15289,29891,7708,5675,5775,55956,17125,28972,9410,11083,"Peoria Unified School District, Arizona"
"15","9700000US0406810","0406810","Queen Creek Unified District, Arizona",89554,65450,2126,1083,2806,0,6810,11279,6072,5207,28521,24628,21186,3442,948,2494,3893,3161,732,56109,201,0,230,31,259,141,342,770,8739,1440,4020,7297,6718,17221,7098,876,726,4531019200,NA,NA,NA,NA,NA,NA,NA,NA,NA,NA,NA,NA,NA,NA,NA,NA,NA,"Queen Creek Unified District, Arizona"
"16","9700000US0407570","0407570","Scottsdale Unified District, Arizona",239086,193489,4307,3027,11326,0,6203,20734,13630,7104,113366,61028,47973,13055,3584,9471,52338,41225,11113,182569,551,791,206,190,420,203,735,1252,19022,2462,8799,23916,12607,68714,25363,11956,5382,20592627800,126610,621,2839,11245,4282,4542,18255,21460,29055,12524,3814,3205,79421,12734,26081,4376,3998,"Scottsdale Unified District, Arizona"
"17","9700000US0407750","0407750","Deer Valley Unified District, Arizona",277602,208697,7795,1428,18066,609,11934,29073,13229,15844,104206,76173,62517,13656,3645,10011,28033,22132,5901,194384,2629,380,406,512,595,703,840,2656,35312,6800,18185,24817,20203,49807,23216,4635,2688,14420307200,144624,293,3523,17794,6537,2436,23651,18025,30632,10975,7280,5519,69001,21586,32545,8348,13144,"Deer Valley Unified District, Arizona"
"18","9700000US0408170","0408170","Sunnyside Unified District, Arizona",96448,27203,5997,4751,263,0,14218,44016,42043,1973,28644,21588,12623,8965,1898,7067,7056,4620,2436,57777,1146,268,2432,2848,3297,1624,1413,3980,15800,3912,4188,6638,4788,3795,1477,94,77,2158595200,NA,NA,NA,NA,NA,NA,NA,NA,NA,NA,NA,NA,NA,NA,NA,NA,NA,"Sunnyside Unified District, Arizona"
"19","9700000US0408800","0408800","Tucson Unified District, Arizona",481917,259730,24239,13260,13972,988,51924,117804,91520,26284,209423,107717,72695,35022,9791,25231,101706,78271,23435,330011,5437,791,1576,2499,4682,4725,5630,8684,61465,14109,26595,52678,27946,63374,32097,8136,9587,17561217300,237112,3031,2804,27866,15082,2853,11551,29729,65036,24853,9580,14276,98868,44032,46145,21914,26153,"Tucson Unified District, Arizona"
"20","9700000US0408850","0408850","Vail Unified District, Arizona",74326,48984,4607,1370,2807,0,4917,11641,7213,4428,25829,19877,17059,2818,863,1955,5952,4714,1238,47599,468,34,31,72,31,132,372,314,6717,1756,4096,6224,5805,13147,6562,717,1121,3321125000,NA,NA,NA,NA,NA,NA,NA,NA,NA,NA,NA,NA,NA,NA,NA,NA,NA,"Vail Unified District, Arizona"
"21","9700000US0600013","0600013","Rocklin Unified School District, California",70187,45870,766,289,7812,198,4221,11031,6331,4700,26056,18048,14592,3456,1148,2308,8008,6550,1458,46283,467,0,45,0,0,2,183,781,6079,1453,3295,5626,5257,16104,4999,1217,775,3794423600,NA,NA,NA,NA,NA,NA,NA,NA,NA,NA,NA,NA,NA,NA,NA,NA,NA,"Rocklin Unified School District, California"
"22","9700000US0600014","0600014","Hesperia Unified School District, California",112221,35265,9761,2990,2387,0,38229,23589,17943,5646,32636,25824,15838,9986,3237,6749,6812,5423,1389,67840,2055,1105,1657,1200,1035,883,2836,2882,21051,1645,6166,10256,5611,5641,2924,526,367,3105272900,NA,NA,NA,NA,NA,NA,NA,NA,NA,NA,NA,NA,NA,NA,NA,NA,NA,"Hesperia Unified School District, California"
"23","9700000US0600016","0600016","Upland Unified School District, California",79442,35884,3414,722,10149,0,13121,16152,13629,2523,28192,20999,13547,7452,1890,5562,7193,4712,2481,56198,1238,0,269,226,446,338,1849,1466,10949,1568,4452,7389,4305,11553,7142,1438,1570,3961722800,NA,NA,NA,NA,NA,NA,NA,NA,NA,NA,NA,NA,NA,NA,NA,NA,NA,"Upland Unified School District, California"
"24","9700000US0600017","0600017","Apple Valley Unified School District, California",83464,46610,5685,659,3155,0,8646,18709,13510,5199,30113,22655,15597,7058,2259,4799,7458,6418,1040,55372,1662,273,429,216,752,235,1018,1025,13733,2174,6378,8230,7108,6902,4328,671,238,2902288400,NA,NA,NA,NA,NA,NA,NA,NA,NA,NA,NA,NA,NA,NA,NA,NA,NA,"Apple Valley Unified School District, California"
"25","9700000US0600019","0600019","Dublin Unified School District, California",69129,16939,2509,118,37958,45,2135,9425,3437,5988,23439,18141,15640,2501,586,1915,5298,4081,1217,48195,341,41,0,46,99,91,241,331,4234,1110,1256,3765,2746,19115,11653,1794,1332,5330392900,NA,NA,NA,NA,NA,NA,NA,NA,NA,NA,NA,NA,NA,NA,NA,NA,NA,"Dublin Unified School District, California"
"26","9700000US0600020","0600020","Pleasanton Unified School District, California",75048,27016,2620,520,30392,80,3941,10479,4224,6255,26564,20530,17925,2605,984,1621,6034,5053,981,52840,509,70,938,819,180,48,0,261,4207,737,1553,4827,1951,19399,12684,2118,2539,5843804000,NA,NA,NA,NA,NA,NA,NA,NA,NA,NA,NA,NA,NA,NA,NA,NA,NA,"Pleasanton Unified School District, California"
"27","9700000US0600027","0600027","Lake Elsinore Unified School District, California",144977,53693,7867,1571,8399,829,38798,33820,24454,9366,40227,34175,25490,8685,2657,6028,6052,4361,1691,92777,4040,1299,2258,672,1918,895,1439,3161,24434,3564,7982,13608,7804,14612,4068,791,232,5295741100,65622,678,1713,8608,4271,2110,1986,8759,12541,5009,3174,3944,21409,10674,13007,7853,12679,"Lake Elsinore Unified School District, California"
"28","9700000US0600028","0600028","Temecula Valley Unified School District, California",168272,86072,14575,996,19452,67,20511,26599,13328,13271,52211,43585,33143,10442,3905,6537,8626,6432,2194,110797,2178,553,999,448,1300,261,1049,1636,19208,2181,7975,20897,10242,26110,12264,2242,1254,7670379400,80012,515,1997,7186,4829,1534,4047,10475,18763,10021,5570,3473,38133,14887,15601,5757,5634,"Temecula Valley Unified School District, California"
"29","9700000US0600029","0600029","Murrieta Valley Unified School District, California",115305,60676,9085,1544,11582,1204,9978,21236,14562,6674,37710,30361,24866,5495,1418,4077,7349,5742,1607,78312,570,400,320,525,170,372,685,1613,14977,1882,5803,14838,6322,18880,8813,1814,328,5325457800,NA,NA,NA,NA,NA,NA,NA,NA,NA,NA,NA,NA,NA,NA,NA,NA,NA,"Murrieta Valley Unified School District, California"
"30","9700000US0600032","0600032","Redondo Beach Unified School District, California",67750,39709,1029,404,12226,130,2011,12241,4618,7623,29220,16110,13034,3076,478,2598,13110,9759,3351,NA,NA,NA,NA,NA,NA,NA,NA,NA,NA,NA,NA,NA,NA,NA,NA,NA,NA,5767865700,NA,NA,NA,NA,NA,NA,NA,NA,NA,NA,NA,NA,NA,NA,NA,NA,NA,"Redondo Beach Unified School District, California"
"31","9700000US0600036","0600036","Natomas Unified School District, California",86942,22067,14421,1538,24049,249,6840,17778,9300,8478,33324,22041,15616,6425,1536,4889,11283,8710,2573,58169,1105,0,1104,310,70,375,305,1552,11438,1148,2565,7416,4258,16428,7489,1851,755,3999730200,NA,NA,NA,NA,NA,NA,NA,NA,NA,NA,NA,NA,NA,NA,NA,NA,NA,"Natomas Unified School District, California"
"32","9700000US0600047","0600047","Tracy Unified School District, California",86484,23631,5132,1591,20196,734,16045,19155,13005,6150,25100,20325,15820,4505,1823,2682,4775,3728,1047,55419,2408,469,1123,1131,304,1201,639,2666,13786,2699,3942,6568,4925,8802,3168,1097,491,3816487500,43413,217,917,5314,3249,995,1504,5745,7960,2565,2256,2883,15057,7754,8203,3959,8440,"Tracy Unified School District, California"
"33","9700000US0600153","0600153","Alhambra Unified School District, California",111467,10977,1698,1508,61151,283,24917,10933,7341,3592,42030,28168,19253,8915,3087,5828,13862,9690,4172,86942,4489,1029,3043,915,1634,989,559,3087,14704,1021,3942,9851,6252,24234,7463,1849,1881,4872210700,NA,NA,NA,NA,NA,NA,NA,NA,NA,NA,NA,NA,NA,NA,NA,NA,NA,"Alhambra Unified School District, California"
"34","9700000US0600158","0600158","Turlock Unified School District, California",74505,34988,1209,281,4535,643,18610,14239,11970,2269,25885,17943,12688,5255,1504,3751,7942,6263,1679,48098,2191,473,2080,1131,500,399,174,1220,11265,1483,2600,7220,5432,6806,3334,1223,567,2644679700,NA,NA,NA,NA,NA,NA,NA,NA,NA,NA,NA,NA,NA,NA,NA,NA,NA,"Turlock Unified School District, California"
"35","9700000US0601332","0601332","Twin Rivers Unified School District, California",163722,63410,12652,1755,21439,1608,34311,28547,16285,12262,55291,35240,22270,12970,3437,9533,20051,15577,4474,109572,4539,1063,1743,1299,1741,1893,2692,5442,28297,4748,8157,17270,10371,14616,3977,1328,396,5182227400,73365,748,1424,10820,4840,542,4107,8563,15450,6859,3155,6364,23217,17187,15687,8034,9240,"Twin Rivers Unified School District, California"
"36","9700000US0601414","0601414","Santa Barbara Unified School District, California",79779,49135,656,1919,3519,199,11804,12547,9749,2798,35081,17874,14092,3782,885,2897,17207,12441,4766,60320,1120,343,1767,193,551,52,388,1938,6294,613,2827,8642,4211,17713,7901,2948,2819,5099359800,NA,NA,NA,NA,NA,NA,NA,NA,NA,NA,NA,NA,NA,NA,NA,NA,NA,"Santa Barbara Unified School District, California"
"37","9700000US0601620","0601620","ABC Unified School District, California",103686,13305,3645,1285,44288,312,21592,19259,15286,3973,31444,26289,18070,8219,2227,5992,5155,4605,550,73539,2529,574,1598,899,597,837,1049,2391,13730,1492,4193,8626,4238,20022,6433,3081,1250,4540786800,49919,0,1409,4836,3798,1110,2132,6679,12530,5776,2672,1697,20887,9187,12729,2506,4610,"ABC Unified School District, California"
"38","9700000US0601770","0601770","Alameda City Unified School District, California",75344,31119,4302,763,19482,40,4373,15265,6254,9011,30642,19480,14455,5025,2107,2918,11162,8508,2654,55453,1435,478,496,566,44,321,0,335,5193,593,2391,6075,4216,19149,9244,3119,1798,5654335300,NA,NA,NA,NA,NA,NA,NA,NA,NA,NA,NA,NA,NA,NA,NA,NA,NA,"Alameda City Unified School District, California"
"39","9700000US0602430","0602430","Alvord Unified School District, California",111653,26608,6571,1212,5555,126,50256,21325,16715,4610,30907,24937,16439,8498,2324,6174,5970,4335,1635,70306,3007,1587,3274,746,2070,1450,1025,1989,22271,791,3560,9115,4436,9287,3759,1075,864,3431122800,56585,218,736,5699,4065,883,2184,5782,11054,5021,3428,3714,15574,13204,10392,8276,9139,"Alvord Unified School District, California"
"40","9700000US0602850","0602850","Antioch Unified School District, California",116603,33566,16437,1282,18610,674,20920,25114,15716,9398,37684,28592,18623,9969,2464,7505,9092,5947,3145,80162,2716,1648,1461,1492,245,1748,297,3207,19027,1830,7285,12518,6126,14135,5216,989,222,4561945700,56583,223,1158,5937,3599,595,2315,7328,14019,7079,3601,1577,19474,12173,11827,6884,6225,"Antioch Unified School District, California"
"41","9700000US0603600","0603600","Azusa Unified School District, California",63299,13718,2205,934,8865,96,23404,14077,12579,1498,19489,14451,7801,6650,2023,4627,5038,3820,1218,44251,2406,508,1846,800,901,364,403,2087,10425,1232,3553,5495,3729,7025,2674,537,266,2029802700,NA,NA,NA,NA,NA,NA,NA,NA,NA,NA,NA,NA,NA,NA,NA,NA,NA,"Azusa Unified School District, California"
"42","9700000US0603690","0603690","Baldwin Park Unified School District, California",67009,8259,179,2369,15741,0,23778,16683,15314,1369,18267,15792,10863,4929,1914,3015,2475,2032,443,46198,5209,1185,1537,985,1650,507,788,1725,12904,1565,3525,4058,2592,5890,1864,88,126,1751808500,NA,NA,NA,NA,NA,NA,NA,NA,NA,NA,NA,NA,NA,NA,NA,NA,NA,"Baldwin Park Unified School District, California"
"43","9700000US0604290","0604290","Beaumont Unified School District, California",72822,34389,3241,782,4081,0,16303,14026,9746,4280,25584,17876,14128,3748,1993,1755,7708,6172,1536,47980,1642,99,1269,201,272,438,583,715,7771,763,3347,12361,4608,9485,3442,529,455,2820967800,NA,NA,NA,NA,NA,NA,NA,NA,NA,NA,NA,NA,NA,NA,NA,NA,NA,"Beaumont Unified School District, California"
"44","9700000US0604440","0604440","Bellflower Unified School District, California",76670,22125,6877,1470,9655,198,23930,12415,9953,2462,24749,18726,12150,6576,2139,4437,6023,3950,2073,52492,1189,437,1263,582,705,490,721,1546,12834,1808,4367,7895,4868,8938,4149,531,169,2621638300,39809,82,1046,3319,3664,567,1529,3723,9254,4953,2763,1852,13346,8198,8171,3748,6346,"Bellflower Unified School District, California"
"45","9700000US0604740","0604740","Berkeley Unified School District, California",118962,59753,9183,197,29674,92,4476,15587,5773,9814,49088,19631,15438,4193,1153,3040,29457,18825,10632,72876,1003,184,216,205,246,415,505,497,4753,296,1072,4859,3587,22652,16889,5500,9997,7567603600,NA,NA,NA,NA,NA,NA,NA,NA,NA,NA,NA,NA,NA,NA,NA,NA,NA,"Berkeley Unified School District, California"
"46","9700000US0606450","0606450","Burbank Unified School District, California",102768,57637,4016,946,11364,55,12395,16355,10846,5509,43209,25547,19365,6182,2345,3837,17662,13723,3939,78485,3218,566,420,986,0,634,290,1329,9830,890,6152,9788,8428,23887,9000,2480,587,5456380400,NA,NA,NA,NA,NA,NA,NA,NA,NA,NA,NA,NA,NA,NA,NA,NA,NA,"Burbank Unified School District, California"
"47","9700000US0607440","0607440","Capistrano Unified School District, California",347200,237905,2554,1296,30902,248,21545,52750,31839,20911,139940,94796,80142,14654,3441,11213,45144,34631,10513,254612,1681,0,1059,1497,766,310,433,2978,25960,2950,13269,31858,22180,94822,37717,10411,6721,25977236400,176474,475,4213,19112,4583,3894,20052,35896,35661,14263,6035,5345,100280,21878,41508,5031,7777,"Capistrano Unified School District, California"
"48","9700000US0607500","0607500","Carlsbad Unified School District, California",79164,53298,1275,533,7671,516,3694,12177,8364,3813,30366,20492,16758,3734,701,3033,9874,6923,2951,55412,894,403,247,51,0,271,0,366,4153,272,3528,8214,3418,20625,9444,1654,1872,5426768200,NA,NA,NA,NA,NA,NA,NA,NA,NA,NA,NA,NA,NA,NA,NA,NA,NA,"Carlsbad Unified School District, California"
"49","9700000US0607970","0607970","Central Unified School District, California",90123,26374,5167,908,17707,115,17043,22809,19535,3274,26172,20843,14804,6039,2154,3885,5329,3687,1642,57927,1728,435,1406,1569,138,1943,515,4327,13077,1890,4574,8140,5361,7988,4011,686,139,2713623500,NA,NA,NA,NA,NA,NA,NA,NA,NA,NA,NA,NA,NA,NA,NA,NA,NA,"Central Unified School District, California"
"50","9700000US0608370","0608370","Chico Unified School District, California",119611,82647,2226,1216,4999,50,8638,19835,10130,9705,51595,26526,19121,7405,1577,5828,25069,13776,11293,71136,985,73,146,232,271,435,503,918,10490,1466,4954,11456,9822,18671,7037,2015,1662,4644003300,63356,1042,1437,7071,2487,1180,4057,7095,20008,6993,5111,1832,27652,14311,13469,3581,4343,"Chico Unified School District, California"
"51","9700000US0608460","0608460","Chino Valley Unified School District, California",186842,47256,11781,2443,51692,474,41671,31525,24336,7189,55577,45900,34747,11153,3246,7907,9677,7474,2203,126867,3607,256,1973,541,1191,1521,1261,3733,25765,5325,8131,19139,9553,30062,10511,2630,1668,7587099900,91599,412,3940,9496,7799,1212,4932,11464,22380,8345,3441,3348,38745,13538,17492,9110,12714,"Chino Valley Unified School District, California"
"52","9700000US0609030","0609030","Clovis Unified School District, California",253902,126353,7292,3584,43259,675,24401,48338,29562,18776,88821,63561,44995,18566,4847,13719,25260,18637,6623,162791,2826,132,302,344,471,1017,812,2426,27013,5658,12059,20899,20155,43070,15242,7134,3231,11845327500,119573,2264,2704,10303,6807,1303,6995,13562,42920,8368,4681,8021,60719,16611,24881,5254,12108,"Clovis Unified School District, California"
"53","9700000US0609070","0609070","Coachella Valley Unified School District, California",93711,17796,501,505,795,157,20763,53194,52099,1095,26502,21976,14150,7826,2044,5782,4526,3679,847,57058,3193,3267,6064,1169,4748,634,759,2599,14927,1667,3585,4352,2203,4931,1888,1030,42,2797255700,NA,NA,NA,NA,NA,NA,NA,NA,NA,NA,NA,NA,NA,NA,NA,NA,NA,"Coachella Valley Unified School District, California"
"54","9700000US0609390","0609390","Colton Joint Unified School District, California",119399,24609,7374,2034,6590,369,49758,28665,24893,3772,34053,25319,15635,9684,2257,7427,8734,5708,3026,77498,5448,1703,2678,637,1575,1205,1819,3549,23113,2109,6453,8086,5511,9531,3029,590,462,3451080200,56792,286,2810,6411,9806,523,1210,4572,11546,4280,1625,2959,11863,11063,9912,7020,16934,"Colton Joint Unified School District, California"
"55","9700000US0609620","0609620","Compton Unified School District, California",145642,7374,32988,7303,5373,189,57672,34743,31967,2776,38522,30617,15720,14897,4782,10115,7905,7050,855,94536,8380,3115,7762,3046,1964,1158,704,4298,23818,3472,5112,12229,8983,7162,2976,199,158,3560920300,65685,526,2209,7021,9302,1406,1782,6952,13545,5538,2436,2988,12411,15853,13422,6875,17124,"Compton Unified School District, California"
"56","9700000US0609640","0609640","Conejo Valley Unified School District, California",130540,84687,2096,687,13083,76,7363,22548,13847,8701,48693,33370,27130,6240,2998,3242,15323,11376,3947,94087,827,71,383,700,331,476,520,819,12019,2312,5685,10690,7187,29303,14884,3608,4272,8468637100,66626,409,1257,5870,2842,2270,5695,11126,15339,7802,2555,2295,36979,10310,11561,3620,4156,"Conejo Valley Unified School District, California"
"57","9700000US0609850","0609850","Corona-Norco Unified School District, California",285668,98107,12529,7200,49012,357,59793,58670,43124,15546,85238,68161,51601,16560,5561,10999,17077,14285,2792,189905,5351,2161,3856,1805,1423,2090,2393,4498,39669,5945,12205,24073,18657,45362,16192,2487,1738,11900934400,142601,685,5151,13518,10631,2437,9928,15751,31635,10830,8501,7488,60405,21017,32425,9292,19462,"Corona-Norco Unified School District, California"
"58","9700000US0610050","0610050","Covina-Valley Unified School District, California",73873,18107,2159,1365,13526,91,20064,18561,16096,2465,23889,17902,11798,6104,1776,4328,5987,4549,1438,53340,2506,288,1585,842,1463,236,670,1435,11453,1651,4105,8084,5587,9855,2748,516,316,2486847800,37565,156,1838,3524,3427,703,1893,3895,8181,3384,1957,1801,12688,6021,9367,3231,6258,"Covina-Valley Unified School District, California"
"59","9700000US0610620","0610620","Davis Joint Unified School District, California",81012,44588,1456,812,20723,118,3897,9418,4827,4591,28903,13029,10881,2148,448,1700,15874,6201,9673,40435,388,211,131,252,11,81,319,836,2249,675,1588,3045,2251,12016,7111,3445,5826,3694982400,NA,NA,NA,NA,NA,NA,NA,NA,NA,NA,NA,NA,NA,NA,NA,NA,NA,"Davis Joint Unified School District, California"
"60","9700000US0611110","0611110","Desert Sands Unified School District, California",188726,90343,2682,1252,6193,196,23398,64662,58949,5713,73974,51350,38775,12575,3908,8667,22624,19155,3469,143453,2927,2759,4356,1016,3698,1437,2974,5065,27251,2937,11781,20224,10757,27533,10425,6422,1891,9281270700,83218,1375,842,11601,3445,1510,4116,10895,16445,16031,4569,2787,27753,23292,15375,8344,8454,"Desert Sands Unified School District, California"
"61","9700000US0611460","0611460","Downey Unified School District, California",118435,23963,3444,6614,7021,635,50825,25933,20066,5867,37065,29987,19136,10851,3967,6884,7078,5607,1471,84664,4817,1046,2914,697,1149,757,1162,2344,20994,3863,5420,13420,6192,12938,5809,678,464,4363411800,61434,436,2395,8070,4947,767,2462,6114,13507,5258,3625,2699,20397,10765,15449,6815,8008,"Downey Unified School District, California"
"62","9700000US0612330","0612330","Elk Grove Unified School District, California",359078,95098,42957,5677,118193,9109,39721,48323,18616,29707,107861,86507,63374,23133,7780,15353,21354,16331,5023,237009,12129,2221,2918,3767,1709,1268,2509,7211,41024,6688,18453,33401,22955,55374,17249,5343,2790,14220557800,167742,1324,3095,16716,11662,1687,9875,18219,42482,13859,9217,21646,68133,34441,34507,12072,18589,"Elk Grove Unified School District, California"
"63","9700000US0613360","0613360","Fairfield-Suisun Unified School District, California",138959,44116,20378,1162,23562,1804,23802,24135,11810,12325,46310,32783,23103,9680,2700,6980,13527,11661,1866,94492,2144,523,1185,1295,1187,641,953,1581,24405,2038,7264,14981,11238,17490,5228,1612,727,5930092200,66729,746,1340,8599,4420,924,2027,5504,16046,5959,2691,3596,23030,12164,15182,8423,7930,"Fairfield-Suisun Unified School District, California"
"64","9700000US0613890","0613890","Folsom-Cordova Unified School District, California",147152,78389,9593,928,27616,1202,10949,18475,9223,9252,54567,37829,29776,8053,2693,5360,16738,13886,2852,101193,1354,271,295,0,954,948,1546,2401,12505,3143,6218,13978,9496,27795,14005,4840,1444,7757899500,70290,216,1129,8598,4363,809,5164,10597,16873,5916,1580,7132,39114,10777,12150,2588,5661,"Folsom-Cordova Unified School District, California"
"65","9700000US0613920","0613920","Fontana Unified School District, California",187699,26283,10325,1680,13589,403,103668,31751,26307,5444,51484,42541,27461,15080,4692,10388,8943,6666,2277,119733,4372,2662,6848,1711,6061,654,1847,4402,32203,3035,7062,18316,9453,15198,5099,359,451,5613647800,92605,619,1447,11711,17067,1390,3062,10959,16056,8030,4542,3408,24460,16883,16520,10980,23762,"Fontana Unified School District, California"
"66","9700000US0614400","0614400","Fremont Unified School District, California",226211,40696,5822,751,151501,0,15588,11853,5950,5903,81639,63387,54006,9381,3751,5630,18252,14195,4057,167765,1861,836,1328,605,1453,1452,514,2849,17342,1643,4685,13648,9242,54793,42844,3859,8811,17759924000,116948,256,2466,8332,5281,5570,7114,32755,18274,5775,2923,2450,80949,9006,14571,3685,8737,"Fremont Unified School District, California"
"67","9700000US0614550","0614550","Fresno Unified School District, California",374847,106368,21785,9252,41950,459,99147,95886,80204,15682,126289,82510,46148,36362,11977,24385,43779,34544,9235,232728,16216,4040,6548,3218,3102,7359,5112,8682,51947,5666,17627,33440,20014,32136,11394,4078,2149,9764980700,160035,8096,2402,14619,10847,2020,5430,16593,44498,17628,7277,9916,49031,39889,28053,20001,23061,"Fresno Unified School District, California"
"68","9700000US0614880","0614880","Garden Grove Unified School District, California",276387,58628,2943,3644,112138,505,45586,52943,43773,9170,81668,62418,43779,18639,6051,12588,19250,13696,5554,195062,16453,3131,5850,5088,4304,3191,1811,9859,39749,4813,9213,23289,16714,37961,9126,3040,1470,8929677400,134427,901,2785,13242,8779,985,6414,16836,26021,13061,11416,4493,41762,31766,23436,12055,25408,"Garden Grove Unified School District, California"
"69","9700000US0615180","0615180","Gilroy Unified School District, California",65032,18775,686,965,6191,467,10026,27922,24564,3358,18360,14983,11039,3944,1287,2657,3377,2586,791,41899,1477,486,1927,924,1609,855,1088,704,8804,944,3506,5243,3546,7305,2503,728,250,3137446200,33616,1303,1657,3864,1299,520,1061,5486,6250,2494,1417,532,11881,5672,5729,5454,4880,"Gilroy Unified School District, California"
"70","9700000US0615240","0615240","Glendale Unified School District, California",210186,134370,2195,1916,31009,178,21317,19201,12780,6421,85076,55889,39914,15975,4842,11133,29187,25056,4131,158092,3970,2487,2454,856,773,2982,647,2321,26340,627,4543,15107,16225,47609,20971,6447,3733,10466113400,105760,13,1036,10056,4497,7592,7854,16103,27830,11423,5500,4773,59798,15235,19392,5439,5896,"Glendale Unified School District, California"
"71","9700000US0616325","0616325","Hacienda La Puente Unified School District, California",113483,15038,1263,1682,34514,332,37486,23168,20566,2602,31126,26371,16610,9761,4044,5717,4755,3537,1218,79970,4141,1199,3213,1591,1793,1156,1101,2383,19396,2004,3356,10998,5176,15221,5814,1111,317,3843595300,54468,448,2610,7238,5553,1323,3457,5889,10004,4902,2683,1776,18790,10451,10906,3718,10603,"Hacienda La Puente Unified School District, California"
"72","9700000US0616740","0616740","Hayward Unified School District, California",173543,31759,12576,3163,53219,6237,46522,20067,11058,9009,55692,39923,28973,10950,4207,6743,15769,11838,3931,126157,5910,1539,4246,1205,2290,1028,1430,3143,28456,3222,8930,13699,9062,30221,9315,1235,1226,7860822000,88929,266,1741,6610,5761,1668,3327,14746,19853,4473,5697,3564,31525,15910,17129,11744,12621,"Hayward Unified School District, California"
"73","9700000US0616920","0616920","Hemet Unified School District, California",150021,54660,7545,3432,9110,630,43745,30899,21526,9373,52743,36986,24761,12225,4348,7877,15757,12807,2950,103841,3735,387,2896,1058,1486,1007,3685,3011,29434,5067,10594,16305,7566,11698,4485,885,542,4379179000,58613,823,1714,6365,3452,870,2717,8394,11477,6299,2229,2592,17458,13173,11586,7961,8435,"Hemet Unified School District, California"
"74","9700000US0618390","0618390","Inglewood Unified School District, California",105823,9525,41905,688,2324,0,32893,18488,16102,2386,39836,26936,13380,13556,3013,10543,12900,10517,2383,77806,4031,998,4155,1684,1655,791,1320,3314,11934,2732,5089,13260,6411,12225,6706,920,581,3982302100,NA,NA,NA,NA,NA,NA,NA,NA,NA,NA,NA,NA,NA,NA,NA,NA,NA,"Inglewood Unified School District, California"
"75","9700000US0619260","0619260","Jurupa Unified School District, California",107343,25377,3247,1535,5817,0,48442,22925,21249,1676,30736,24654,16645,8009,3279,4730,6082,4561,1521,71099,3921,1576,2824,1765,2699,315,1608,2835,22970,1871,3491,8824,5473,7360,3023,401,143,3360123600,49797,682,641,6360,5807,499,1474,4353,8770,3865,2047,2500,12954,8047,8667,7702,12427,"Jurupa Unified School District, California"
"76","9700000US0622110","0622110","Livermore Valley Joint Unified School District, California",85234,48223,1584,786,16093,200,5008,13340,8050,5290,30377,23038,19802,3236,867,2369,7339,5953,1386,57918,527,234,369,206,146,35,146,1266,6876,1252,4905,6308,5402,16538,10101,1078,2529,5717716200,NA,NA,NA,NA,NA,NA,NA,NA,NA,NA,NA,NA,NA,NA,NA,NA,NA,"Livermore Valley Joint Unified School District, California"
"77","9700000US0622230","0622230","Lodi Unified School District, California",176169,65746,11814,2607,31175,1294,38811,24722,14131,10591,58084,42187,30760,11427,2384,9043,15897,13185,2712,116509,5789,1085,2771,1968,770,1093,616,4009,29294,4184,9404,15853,10198,19622,7268,2079,506,6835345200,80173,2155,1307,10052,7641,1505,3692,6942,17003,5943,4380,5105,27786,13297,17343,7335,14412,"Lodi Unified School District, California"
"78","9700000US0622500","0622500","Long Beach Unified School District, California",497639,189614,50249,7131,67907,2061,101753,78924,51195,27729,194105,110132,77126,33006,10270,22736,83973,62237,21736,357308,22398,3372,8027,2498,6071,2332,3734,11520,57609,9582,20062,53449,25799,82471,33060,9410,5914,22474186800,267576,775,5141,24745,20969,6556,12252,34987,63726,29913,14007,10206,111920,50055,52317,17620,35664,"Long Beach Unified School District, California"
"79","9700000US0622710","0622710","Los Angeles Unified School District, California",4513937,1353462,388009,64664,541449,7251,1213032,946070,759540,186530,1683200,973530,611401,362129,119831,242298,709670,532981,176689,3207546,147559,71558,154344,56379,71900,38524,44562,100892,545312,63928,148797,386215,196811,760491,277972,92460,49842,202547715800,2331591,10264,56432,218478,146034,137274,120376,350221,487568,279404,133282,64960,986105,453753,422740,181420,287573,"Los Angeles Unified School District, California"
"80","9700000US0623080","0623080","Lucia Mar Unified School District, California",79661,53483,647,537,3309,0,5664,16021,12756,3265,32670,21203,17582,3621,730,2891,11467,7841,3626,61000,1877,143,1146,300,1327,305,139,1120,10017,1016,4436,7813,6138,14108,8047,1983,1085,4357161300,NA,NA,NA,NA,NA,NA,NA,NA,NA,NA,NA,NA,NA,NA,NA,NA,NA,"Lucia Mar Unified School District, California"
"81","9700000US0623340","0623340","Madera Unified School District, California",97703,24091,2108,2025,932,1311,42507,24729,22802,1927,27148,20491,12740,7751,2572,5179,6657,5597,1060,59894,4440,2556,4835,1648,1733,2487,858,3007,14683,1891,3376,7857,3850,4338,1565,715,55,2489641700,NA,NA,NA,NA,NA,NA,NA,NA,NA,NA,NA,NA,NA,NA,NA,NA,NA,"Madera Unified School District, California"
"82","9700000US0623610","0623610","Manteca Unified School District, California",150735,52870,7631,1578,23996,1277,21701,41682,31148,10534,45888,36874,25249,11625,2970,8655,9014,7358,1656,101855,3683,1623,653,560,648,2210,876,4476,24191,3542,10206,17323,8228,17750,4337,1264,285,5261343000,71589,1836,1751,8258,7710,1362,3271,9436,14421,4638,2978,3434,24763,10454,15526,7220,13626,"Manteca Unified School District, California"
"83","9700000US0624090","0624090","Marysville Joint Unified School District, California",65148,34484,2561,1116,5689,0,11047,10251,4300,5951,21664,15247,10113,5134,1476,3658,6417,5183,1234,41427,2061,350,105,224,0,520,1393,565,12096,1917,4886,7147,4585,3634,1152,406,386,2099674000,NA,NA,NA,NA,NA,NA,NA,NA,NA,NA,NA,NA,NA,NA,NA,NA,NA,"Marysville Joint Unified School District, California"
"84","9700000US0624500","0624500","Milpitas Unified School District, California",76792,7611,1450,135,55904,26,7111,4555,2158,2397,25458,18776,14570,4206,1537,2669,6682,4149,2533,57031,2604,389,684,241,462,93,389,1152,5744,1014,1874,4698,3099,18146,14396,747,1299,5808588700,NA,NA,NA,NA,NA,NA,NA,NA,NA,NA,NA,NA,NA,NA,NA,NA,NA,"Milpitas Unified School District, California"
"85","9700000US0625470","0625470","Montebello Unified School District, California",154616,17381,800,3644,16787,0,69818,46186,43505,2681,46012,35266,20626,14640,6070,8570,10746,8177,2569,109580,8073,3698,9258,3094,3266,2443,2471,6162,28549,2728,5557,11458,5388,12789,3396,990,260,4311218900,73098,112,2638,8684,5473,973,3363,6150,15863,7350,4769,2515,17331,15461,17337,7132,15837,"Montebello Unified School District, California"
"86","9700000US0625530","0625530","Monterey Peninsula Unified School District, California",90603,42696,4771,556,9754,1190,12181,19455,13601,5854,34380,20893,14195,6698,1977,4721,13487,10205,3282,61616,1202,285,1593,745,159,900,242,771,11514,1281,2809,6003,5859,14798,8998,1810,2647,4108308300,NA,NA,NA,NA,NA,NA,NA,NA,NA,NA,NA,NA,NA,NA,NA,NA,NA,"Monterey Peninsula Unified School District, California"
"87","9700000US0625800","0625800","Moreno Valley Unified School District, California",179515,40583,25573,3525,8477,2436,70079,28842,24380,4462,48831,39387,23622,15765,5513,10252,9444,6953,2491,113626,4404,953,4563,1165,2268,1764,1726,6099,33036,5992,8948,16420,8042,12125,4661,359,1101,5194755200,84339,211,1943,12018,11222,596,4362,7088,16259,7977,4638,3831,23718,14335,17814,9248,19224,"Moreno Valley Unified School District, California"
"88","9700000US0625830","0625830","Morgan Hill Unified School District, California",69111,29359,1452,259,11864,0,3795,22382,19415,2967,22600,17871,13492,4379,2012,2367,4729,3804,925,48296,899,808,1020,86,659,73,426,324,7883,846,2374,7771,3876,13391,6074,1240,546,4995774300,NA,NA,NA,NA,NA,NA,NA,NA,NA,NA,NA,NA,NA,NA,NA,NA,NA,"Morgan Hill Unified School District, California"
"89","9700000US0625860","0625860","Morongo Unified School District, California",72819,43409,5050,1702,2304,459,2540,17355,10122,7233,28592,18457,13017,5440,1565,3875,10135,8383,1752,46136,660,87,61,330,617,697,1056,1226,9462,1668,4008,11290,4611,5722,4034,348,259,2392736500,NA,NA,NA,NA,NA,NA,NA,NA,NA,NA,NA,NA,NA,NA,NA,NA,NA,"Morongo Unified School District, California"
"90","9700000US0626370","0626370","Mount Diablo Unified School District, California",261943,123745,11725,3200,41758,1606,33901,46008,28520,17488,97314,68852,50784,18068,6295,11773,28462,22408,6054,186108,4246,720,2851,1291,1187,858,1712,4237,27714,4186,10903,23908,17399,55620,21952,4434,2890,14331628100,132075,795,1838,15763,6805,2287,9635,23436,28871,12678,6803,4878,64568,23054,23470,9512,11471,"Mount Diablo Unified School District, California"
"91","9700000US0626640","0626640","Napa Valley Unified School District, California",116325,62563,3415,521,11374,246,17286,20920,14745,6175,44001,30401,22300,8101,2401,5700,13600,10155,3445,84427,3174,514,2302,795,669,485,391,2158,12536,2273,6771,11849,8261,20939,7607,2846,857,6426438700,61304,2136,898,5701,2522,769,2395,7338,13227,7415,2827,3557,23505,11844,11711,5623,8621,"Napa Valley Unified School District, California"
"92","9700000US0626910","0626910","New Haven Unified School District, California",69742,12332,4693,372,38155,444,6062,7684,3699,3985,23124,17842,13270,4572,1537,3035,5282,4487,795,51975,2343,223,414,371,158,162,555,1724,9226,932,3615,5599,4025,12088,8181,1080,1279,3826362400,NA,NA,NA,NA,NA,NA,NA,NA,NA,NA,NA,NA,NA,NA,NA,NA,NA,"New Haven Unified School District, California"
"93","9700000US0627240","0627240","Newport-Mesa Unified School District, California",190506,122536,3337,1398,14650,2381,16279,29925,23468,6457,78281,43604,34200,9404,2699,6705,34677,24314,10363,140143,1905,245,3370,1598,373,455,689,2913,13421,1978,4593,16956,9046,54318,18625,7254,2404,14664445800,107054,435,3633,10995,3549,1848,10884,22890,19577,11894,4320,2003,55604,16910,24147,4335,6058,"Newport-Mesa Unified School District, California"
"94","9700000US0627690","0627690","Norwalk-La Mirada Unified School District, California",113113,23500,5066,2164,19252,111,39914,23106,19138,3968,34062,26822,17127,9695,3249,6446,7240,5580,1660,78263,3599,660,2304,1126,667,623,1217,3419,17627,2140,6788,9729,7362,14372,4722,1327,581,3939605100,58304,709,2289,5080,5013,686,2076,5226,15123,4468,3782,2532,20886,10867,10801,6503,9247,"Norwalk-La Mirada Unified School District, California"
"95","9700000US0628050","0628050","Oakland Unified School District, California",435974,126672,86536,6059,69885,2347,83460,61015,29239,31776,181657,91678,60990,30688,10656,20032,89979,64788,25191,329047,14252,3287,9173,1863,8774,2092,3455,8539,46782,6848,13928,37977,17108,83856,48168,11559,11386,26387480400,239772,1216,3989,19340,16940,8633,9933,47746,54324,23653,12387,9636,122723,39673,38543,14924,23909,"Oakland Unified School District, California"
"96","9700000US0628250","0628250","Oceanside Unified School District, California",141400,67262,6239,1888,11552,300,19277,34882,25262,9620,50966,34725,25970,8755,3309,5446,16241,10954,5287,96459,3181,953,1682,1528,1178,412,854,2503,18887,2450,6423,14925,10924,21492,6789,1360,918,6235757600,71308,1419,1174,9008,3615,1122,3691,8885,14806,8228,3922,3167,28233,13377,14072,5336,10290,"Oceanside Unified School District, California"
"97","9700000US0628650","0628650","Orange Unified School District, California",227156,108294,5129,2738,33841,1036,22024,54094,44324,9770,76208,55218,42544,12674,4910,7764,20990,14235,6755,157355,2563,438,3997,3030,1446,941,1977,3927,25507,3306,9058,20853,12983,37725,19401,7906,2297,11602223600,117722,163,3187,13679,3764,3226,8300,15798,28503,11461,5154,4578,58152,17125,24630,7537,10278,"Orange Unified School District, California"
"98","9700000US0629490","0629490","Pajaro Valley Joint Unified School District, California",104975,46631,670,2160,2175,0,36792,16547,13160,3387,35263,26166,17417,8749,2905,5844,9097,7072,2025,70036,1790,3106,5188,924,3064,711,330,1924,10364,2904,4011,9443,7033,11081,5817,1375,971,4803500900,46276,6077,1374,3237,2385,905,1727,5599,12424,3085,2448,2022,16280,8888,6007,9339,5762,"Pajaro Valley Joint Unified School District, California"
"99","9700000US0629550","0629550","Palm Springs Unified School District, California",179371,81117,8082,4297,7259,1086,23621,53909,43026,10883,77418,44603,31532,13071,4469,8602,32815,25377,7438,135720,2971,1602,4699,986,703,1344,1629,4503,31189,3052,10142,20202,10505,23506,12269,4259,2159,7375915500,82122,495,1121,8787,4230,878,3660,13278,17061,16408,5550,2903,25492,25524,14840,7622,8644,"Palm Springs Unified School District, California"
"100","9700000US0629610","0629610","Palo Alto Unified School District, California",88017,42279,1560,25,33100,99,3598,7356,2343,5013,32518,19157,16655,2502,215,2287,13361,10819,2542,58158,12,74,0,0,407,0,110,668,3542,214,735,2357,1141,16961,17644,5871,8422,8870295800,NA,NA,NA,NA,NA,NA,NA,NA,NA,NA,NA,NA,NA,NA,NA,NA,NA,"Palo Alto Unified School District, California"
"101","9700000US0629850","0629850","Paramount Unified School District, California",76327,9015,10767,1374,2980,146,32046,19999,16931,3068,22631,17555,8767,8788,2430,6358,5076,4094,982,48339,4062,829,3623,742,139,736,642,1975,13052,2432,3431,5934,3517,5532,1507,115,71,1891691800,NA,NA,NA,NA,NA,NA,NA,NA,NA,NA,NA,NA,NA,NA,NA,NA,NA,"Paramount Unified School District, California"
"102","9700000US0629940","0629940","Pasadena Unified School District, California",196488,78165,17836,1884,32808,180,29752,35863,24701,11162,82071,47453,33992,13461,3614,9847,34618,26607,8011,150189,2503,735,1925,2005,384,422,1369,1776,20812,1130,5694,18187,8940,44492,27170,7398,5247,12530643800,103423,898,2086,8281,4275,5273,7314,17806,29970,7908,5585,5601,59033,15260,19468,4942,4720,"Pasadena Unified School District, California"
"103","9700000US0630660","0630660","Placentia-Yorba Linda Unified School District, California",156377,70659,2699,1730,36621,61,15534,29073,20782,8291,53752,40283,31917,8366,3218,5148,13469,9770,3699,108566,1641,370,1341,1021,967,554,349,1915,15277,1022,6018,14361,9735,34245,13661,3694,2395,8351718500,81153,655,3661,9345,3306,879,6315,12383,17098,8837,2269,2460,39369,11679,19367,4524,6214,"Placentia-Yorba Linda Unified School District, California"
"104","9700000US0631320","0631320","Pomona Unified School District, California",160022,26019,10966,2088,27726,910,63498,28815,24246,4569,48110,35980,21829,14151,6303,7848,12130,8063,4067,115890,5804,2090,6732,1165,2604,1526,2501,3720,29117,2576,5586,13280,9276,22213,5322,1001,1377,5059917800,81935,398,2165,9629,8695,494,3012,9301,18075,8817,2870,3204,25364,15895,15693,8923,16060,"Pomona Unified School District, California"
"105","9700000US0631530","0631530","Poway Unified School District, California",199691,101319,3478,1410,58721,381,6989,27393,12723,14670,73198,54877,46225,8652,2803,5849,18321,14528,3793,143132,1079,290,753,503,463,529,574,2063,14098,1963,6115,15013,9549,48950,26966,6842,7382,14113544800,102492,372,1587,6932,2820,2344,6576,23012,25247,6506,4007,3972,67279,11326,15626,2717,5544,"Poway Unified School District, California"
"106","9700000US0632070","0632070","Redlands Unified School District, California",130657,60067,8305,1245,17690,0,21229,22121,12905,9216,48926,33802,23173,10629,3073,7556,15124,11849,3275,94468,1551,389,322,923,0,732,1169,1427,18462,2113,4582,12556,6928,20840,12503,6602,3369,6546253100,70555,56,1325,5691,4713,498,3203,6106,28073,4974,4692,3605,36273,11447,11850,4101,6884,"Redlands Unified School District, California"
"107","9700000US0632370","0632370","Rialto Unified School District, California",127425,17448,12174,2261,5141,0,56467,33934,29799,4135,33359,27330,17517,9813,3250,6563,6029,4479,1550,79434,5266,1833,3841,799,2148,1544,1025,3849,24080,2163,5073,10912,6040,8239,2272,121,229,3287447300,58399,340,1526,6981,11460,546,2280,5238,11294,4048,2810,1489,11699,9825,10706,8143,18026,"Rialto Unified School District, California"
"108","9700000US0632550","0632550","West Contra Costa Unified School District, California",262251,56735,31755,5284,58800,1526,65932,42219,31303,10916,95549,63845,45524,18321,7196,11125,31704,25186,6518,189687,7557,1923,4029,2103,1839,2032,2601,5598,33411,5565,11484,24069,16219,42489,18851,4402,5515,12955258200,138183,1372,2105,13857,10845,1979,6230,24043,32045,12119,7921,5966,56357,28652,21997,14267,16910,"West Contra Costa Unified School District, California"
"109","9700000US0633150","0633150","Riverside Unified School District, California",261098,95490,21410,2993,24104,292,74837,41972,24464,17508,81788,58524,39683,18841,4263,14578,23264,16272,6992,169592,3369,581,4286,2049,2275,1934,2727,3017,41099,4557,9026,23773,12692,34587,16774,4244,2602,10155851600,131671,942,2672,12834,10940,1949,5375,15510,36998,10246,6333,7065,53648,23352,26223,9157,19291,"Riverside Unified School District, California"
"110","9700000US0633750","0633750","Rowland Unified School District, California",96686,12664,2474,1028,40291,1652,28496,10081,7959,2122,29630,24929,17250,7679,2273,5406,4701,3462,1239,69536,3923,507,2033,1308,1667,373,836,3210,14577,1507,3495,9111,6563,14752,3791,976,907,3559676200,47460,216,2556,4645,4695,553,3200,5244,8887,4395,3197,1924,14718,8938,11066,3431,9307,"Rowland Unified School District, California"
"111","9700000US0633840","0633840","Sacramento City Unified School District, California",362475,143911,36121,4767,65086,4714,49517,58359,30290,28069,146289,82130,53024,29106,7807,21299,64159,48753,15406,258910,10307,2386,2920,2796,2290,1700,2702,6989,41542,8480,18158,32671,22650,62373,24242,10767,5937,16822967300,183548,2975,3081,14231,13690,2788,8674,24280,45090,17737,9180,21070,88433,32357,33713,11863,17182,"Sacramento City Unified School District, California"
"112","9700000US0633860","0633860","Saddleback Valley Unified School District, California",218822,112904,3336,1228,43895,154,21773,35532,23261,12271,83839,60391,50598,9793,3494,6299,23448,19110,4338,162707,3089,669,1274,849,534,503,880,2342,22450,2776,11033,18746,14305,49506,24962,4540,4249,12655590600,112849,725,3274,11604,5119,2722,9866,18205,22329,10507,5394,4044,61160,14766,23562,5642,7719,"Saddleback Valley Unified School District, California"
"113","9700000US0634170","0634170","San Bernardino City Unified School District, California",270257,49061,23007,2670,9399,3192,149715,33213,25410,7803,76450,57821,32413,25408,8709,16699,18629,12684,5945,161516,6325,1862,6217,3788,7115,3604,3928,5865,51218,7967,8306,23208,10939,16085,3350,649,1090,6276552500,116412,847,2612,14638,15466,1799,2901,10517,24319,10315,8321,4825,23744,24373,25021,14371,28903,"San Bernardino City Unified School District, California"
"114","9700000US0634320","0634320","San Diego City Unified School District, California",1077385,503706,70685,10115,166948,5731,116076,204124,134971,69153,430587,231596,169096,62500,20314,42186,198991,139587,59404,766475,22600,5162,11793,4072,6155,3983,4940,18902,91401,17176,41244,94523,51525,228669,106601,28101,29628,59299644000,582308,2650,9956,48692,22742,11733,34056,109255,143379,67489,26787,25430,316109,102236,96935,27175,39853,"San Diego City Unified School District, California"
"115","9700000US0634410","0634410","San Francisco Unified School District, California",808988,315781,38954,7549,290315,2821,61524,92044,43079,48965,372027,172786,128955,43831,14644,29187,199241,146930,52311,646934,22549,4653,9742,5645,6258,2721,5127,13771,62230,14484,24181,51916,33064,224602,108889,32986,24116,71462668100,469220,1673,5046,38428,20925,29589,39251,124971,91673,37804,18681,18647,305353,61587,63582,13371,25327,"San Francisco Unified School District, California"
"116","9700000US0634590","0634590","San Jose Unified School District, California",272054,93464,8496,4606,63341,250,44427,57470,44474,12996,97734,63599,47265,16334,6632,9702,34135,26343,7792,185787,5840,849,2865,2722,4278,1426,2433,3189,23373,4243,7500,21599,10867,52160,31055,5188,6200,19355520400,144666,593,1881,12257,6316,7535,5781,29724,26879,13870,6599,5223,75632,24214,23014,10316,11490,"San Jose Unified School District, California"
"117","9700000US0634620","0634620","San Juan Unified School District, California",346346,224421,19366,2505,19682,882,27840,51650,24583,27067,140554,85886,60643,25243,7710,17533,54668,43642,11026,254242,6022,560,882,2170,2452,927,1986,5870,50853,6946,20291,43027,24389,53415,23681,7243,3528,15708714400,166730,2021,4082,16166,11470,1210,10586,23984,40116,12161,7680,15917,69910,30960,34993,15031,15836,"San Juan Unified School District, California"
"118","9700000US0634680","0634680","San Leandro Unified School District, California",73477,15476,8005,1186,25606,445,13613,9146,5168,3978,26499,16977,11845,5132,1571,3561,9522,7260,2262,54756,4299,539,1998,861,474,650,53,1625,9396,1639,3586,7174,3689,11269,4982,1270,1252,3315452900,NA,NA,NA,NA,NA,NA,NA,NA,NA,NA,NA,NA,NA,NA,NA,NA,NA,"San Leandro Unified School District, California"
"119","9700000US0634710","0634710","San Lorenzo Unified School District, California",79148,17285,6823,1184,21291,1848,21780,8937,4914,4023,26219,16710,12358,4352,794,3558,9509,6063,3446,55830,4007,1277,1452,1242,361,485,768,2698,15167,1560,5151,7659,3864,8214,1572,225,128,2886070400,NA,NA,NA,NA,NA,NA,NA,NA,NA,NA,NA,NA,NA,NA,NA,NA,NA,"San Lorenzo Unified School District, California"
"120","9700000US0634800","0634800","San Luis Coastal Unified School District, California",95171,68051,2181,461,5368,67,5537,13506,7888,5618,36390,18485,15032,3453,324,3129,17905,10476,7429,55151,580,43,0,129,399,259,1119,645,4256,1321,3299,7440,5128,17547,7772,2884,2330,5063436100,NA,NA,NA,NA,NA,NA,NA,NA,NA,NA,NA,NA,NA,NA,NA,NA,NA,"San Luis Coastal Unified School District, California"
"121","9700000US0634880","0634880","San Marcos Unified School District, California",133972,66751,2437,1405,13266,63,21993,28057,18660,9397,45062,32719,24231,8488,2368,6120,12343,9185,3158,90173,2968,610,3245,2001,108,770,571,3661,11204,1393,5810,12443,6394,24723,9872,2211,2189,6063953900,67123,1613,1411,6043,2691,991,3911,10129,13435,7703,2826,2503,29578,11013,14487,6032,6013,"San Marcos Unified School District, California"
"122","9700000US0635130","0635130","San Ramon Valley Unified School District, California",158246,72090,3721,72,61518,112,4357,16376,7187,9189,55829,43880,39678,4202,853,3349,11949,9867,2082,110032,687,96,463,491,58,0,443,839,7539,565,4160,7447,6255,45420,26263,5488,3818,15099657800,NA,NA,NA,NA,NA,NA,NA,NA,NA,NA,NA,NA,NA,NA,NA,NA,NA,"San Ramon Valley Unified School District, California"
"123","9700000US0635310","0635310","Santa Ana Unified School District, California",235106,32836,2154,5580,16367,400,122525,55244,51645,3599,64875,49056,32042,17014,5716,11298,15819,10806,5013,162342,11210,3626,9646,3653,7172,8209,3389,6923,42981,2441,8521,18205,7571,21598,3783,2991,423,7286491100,127532,2402,2022,14445,7732,1601,6728,19532,21506,16372,4973,2778,32832,33745,22489,14128,24338,"Santa Ana Unified School District, California"
"124","9700000US0635430","0635430","Santa Clara Unified School District, California",169001,45388,7435,261,87292,0,13141,15484,6015,9469,67151,40593,33252,7341,3177,4164,26558,17711,8847,124145,1690,64,1028,543,239,619,731,1167,10972,1897,4516,10266,5715,39988,34381,3193,7136,15056656300,104765,0,485,6838,1770,11549,3588,25850,17464,5542,3416,2905,74777,8537,11964,3439,6048,"Santa Clara Unified School District, California"
"125","9700000US0635700","0635700","Santa Monica-Malibu Unified School District, California",107911,71864,3908,525,12294,0,6099,13221,6085,7136,54470,24587,19459,5128,1230,3898,29883,25621,4262,86206,1223,299,0,63,117,76,150,938,4995,1954,2754,7042,3951,35357,16617,6647,4023,10771656700,NA,NA,NA,NA,NA,NA,NA,NA,NA,NA,NA,NA,NA,NA,NA,NA,NA,"Santa Monica-Malibu Unified School District, California"
"126","9700000US0636840","0636840","Simi Valley Unified School District, California",128003,73408,2700,586,14496,584,14577,21652,15899,5753,45643,32743,26111,6632,2943,3689,12900,10291,2609,92516,2606,739,520,245,1236,759,1438,2605,14108,1552,8216,12090,7556,25561,9509,2746,1030,6796499000,66802,1394,907,8033,2577,2911,5145,9468,14556,5680,3060,2451,31290,10737,12465,4548,7762,"Simi Valley Unified School District, California"
"127","9700000US0637530","0637530","South San Francisco Unified School District, California",78392,16910,1105,1081,37395,1219,10895,9787,5429,4358,27362,19566,13998,5568,1509,4059,7796,6595,1201,57706,3117,275,1550,295,452,469,604,1826,8772,1473,3086,6240,5364,16717,4881,1558,1027,4603585900,42386,249,975,3871,2117,778,2518,7798,10472,4745,2786,1130,19224,7826,7492,2231,5613,"South San Francisco Unified School District, California"
"128","9700000US0638010","0638010","Stockton Unified School District, California",219304,40925,20723,6094,37131,1114,73340,39977,31436,8541,68418,49570,30297,19273,5129,14144,18848,15419,3429,137637,11982,3459,7549,2478,4874,2846,2450,7298,34823,6475,8584,14749,10063,14314,3816,981,896,5516744900,96784,7018,2405,9345,10363,66,3408,8958,17637,8615,4088,4714,19304,21376,15203,15098,25803,"Stockton Unified School District, California"
"129","9700000US0639420","0639420","Torrance Unified School District, California",139163,50977,5314,428,53320,110,13102,15912,8757,7155,55767,37019,29925,7094,1982,5112,18748,15936,2812,103159,1186,122,960,278,251,464,347,1851,14976,1734,4225,11095,11090,34548,15687,2693,1652,7943934600,NA,NA,NA,NA,NA,NA,NA,NA,NA,NA,NA,NA,NA,NA,NA,NA,NA,"Torrance Unified School District, California"
"130","9700000US0640150","0640150","Tustin Unified School District, California",149466,49269,5666,375,39534,435,30898,23289,17742,5547,50835,37414,28174,9240,3013,6227,13421,10645,2776,102747,1985,151,1112,1003,672,2169,1516,1714,13970,1864,4972,11252,5523,34954,14377,3536,1977,8812632800,78413,492,1719,6255,3630,1985,7463,14632,15559,5071,3453,3340,40597,10218,15130,3335,9133,"Tustin Unified School District, California"
"131","9700000US0640590","0640590","Vacaville Unified School District, California",87103,45385,6184,1856,11916,166,7987,13609,6623,6986,32191,22051,15815,6236,1822,4414,10140,8180,1960,61227,1133,409,485,678,265,539,579,1327,15271,1524,4265,11068,5400,11727,4353,1485,719,4250788500,NA,NA,NA,NA,NA,NA,NA,NA,NA,NA,NA,NA,NA,NA,NA,NA,NA,"Vacaville Unified School District, California"
"132","9700000US0640740","0640740","Vallejo City Unified School District, California",124140,30047,19462,1341,29457,2016,17942,23875,14231,9644,45373,30696,19440,11256,4471,6785,14677,11444,3233,91620,1869,149,1361,919,544,1389,653,2953,21490,3055,7541,15690,7767,18661,5766,1257,556,5078843900,60773,218,830,5597,3620,1194,2272,8472,13507,5874,3842,3740,20398,13305,12365,5483,9222,"Vallejo City Unified School District, California"
"133","9700000US0640980","0640980","Ventura Unified School District, California",119924,71849,2080,1627,6364,250,12909,24845,17285,7560,47186,30315,21155,9160,3912,5248,16871,11907,4964,90262,2760,741,1593,275,400,965,1196,1873,12814,2468,7438,13230,7668,20721,10439,3626,2055,5826039200,60849,1526,499,7248,1942,2463,1834,8714,13615,7358,3174,4604,29433,11615,11011,3931,4859,"Ventura Unified School District, California"
"134","9700000US0641160","0641160","Visalia Unified School District, California",164720,67152,3370,2905,9520,74,41531,40168,34628,5540,53799,41273,27317,13956,4422,9534,12526,10088,2438,104487,4161,942,2244,1094,632,972,1527,3872,22913,6182,7617,17707,9989,14750,6959,2074,852,5365272700,72911,3281,1334,9291,6451,1330,2687,5600,21290,3822,3519,3804,27341,11551,13310,6945,13764,"Visalia Unified School District, California"
"135","9700000US0641190","0641190","Vista Unified School District, California",149735,71188,3318,4300,9303,206,22436,38984,29235,9749,49911,37174,27298,9876,2778,7098,12737,8767,3970,103311,4161,1473,4093,1460,602,868,830,3345,19516,2529,7556,16207,9966,19560,7666,2398,1081,6232552600,74238,1773,1791,8784,3401,1432,3398,11162,12940,7440,4538,2055,26860,15496,14446,9740,7696,"Vista Unified School District, California"
"136","9700000US0643080","0643080","Woodland Joint Unified School District, California",65417,30620,2533,1393,6803,0,12995,11073,7790,3283,22338,16735,13155,3580,1321,2259,5603,4983,620,43185,1062,465,370,744,273,309,876,1653,8566,1310,3263,7090,3025,8049,3613,739,1778,2573221800,NA,NA,NA,NA,NA,NA,NA,NA,NA,NA,NA,NA,NA,NA,NA,NA,NA,"Woodland Joint Unified School District, California"
"137","9700000US0643470","0643470","Yuba City Unified School District, California",78807,34238,1382,1279,16072,0,14569,11267,5068,6199,26458,20042,14770,5272,1099,4173,6416,4872,1544,51390,3267,559,997,1450,1422,752,722,2254,9772,2250,5067,9583,4264,6515,1759,757,0,2426916000,NA,NA,NA,NA,NA,NA,NA,NA,NA,NA,NA,NA,NA,NA,NA,NA,NA,"Yuba City Unified School District, California"
"138","9700000US0684500","0684500","Irvine Unified School District, California",279564,99888,5970,1135,133479,790,8835,29467,14107,15360,96571,65899,51282,14617,4356,10261,30672,21201,9471,173518,2121,39,170,1016,0,0,465,1074,11759,920,6436,15812,10587,65125,39165,11522,7307,16514864500,141268,541,3352,10745,3769,4267,12809,26709,35349,13331,3922,4633,92990,17162,22673,2176,6267,"Irvine Unified School District, California"
"139","9700000US0691135","0691135","Val Verde Unified School District, California",95749,18152,5430,2832,3387,228,38131,27589,25414,2175,22797,20249,12311,7938,2481,5457,2548,2109,439,59547,3920,1821,3179,1162,1277,591,2755,4061,14776,2747,4062,6573,3862,6010,1938,251,562,2553140600,NA,NA,NA,NA,NA,NA,NA,NA,NA,NA,NA,NA,NA,NA,NA,NA,NA,"Val Verde Unified School District, California"
